{"cameraMode":{"drawMode":0,"name":"Shaded","section":"Shading Mode"},"sceneLighting":true,"audioPlay":false,"sceneViewState":{"m_AlwaysRefresh":false,"showFog":true,"showSkybox":true,"showFlares":true,"showImageEffects":true,"showParticleSystems":true,"showVisualEffectGraphs":true,"m_FxEnabled":true},"in2DMode":false,"pivot":{"x":57.4963264465332,"y":9.663249015808106,"z":19.413869857788087},"rotation":{"x":0.00018898645066656172,"y":0.9997827410697937,"z":-0.01799803227186203,"w":0.0104981055483222},"size":0.8660253882408142,"orthographic":false}