{"cameraMode":{"drawMode":0,"name":"Shaded","section":"Shading Mode"},"sceneLighting":true,"audioPlay":false,"sceneViewState":{"m_AlwaysRefresh":false,"showFog":true,"showSkybox":true,"showFlares":true,"showImageEffects":true,"showParticleSystems":true,"showVisualEffectGraphs":true,"m_FxEnabled":true},"in2DMode":false,"pivot":{"x":-3.1255712509155275,"y":12.503851890563965,"z":-27.26938247680664},"rotation":{"x":0.010498842224478722,"y":0.013498827815055848,"z":-0.00014174365787766874,"w":0.9998524785041809},"size":1.3166509866714478,"orthographic":false}